"id","week","sales","price","location","floor","promo","treatment","before","sales2"
1,37,309,45,0,0,1,"not-selected","before",309
1,38,339,40,0,0,0,"not-selected","before",339
1,39,291,40,0,0,0,"not-selected","before",291
1,40,208,44,0,0,0,"not-selected","before",208
1,41,224,44,0,0,0,"not-selected","before",224
1,42,194,44,0,0,0,"not-selected","before",194
1,43,181,44,0,0,0,"not-selected","before",181
1,44,179,45,0,0,0,"not-selected","before",179
1,45,168,44,0,0,0,"not-selected","before",168
1,46,312,44,0,0,1,"not-selected","before",312
1,47,239,45,0,0,1,"not-selected","before",239
1,48,208,44,0,0,0,"not-selected","before",208
1,49,166,44,0,0,0,"not-selected","before",166
1,50,354,44,0,0,0,"not-selected","before",354
1,51,177,50,0,0,0,"not-selected","before",177
1,52,346,45,0,0,0,"not-selected","before",346
1,53,242,44,0,0,0,"not-selected","before",242
1,54,232,44,0,0,0,"not-selected","before",232
1,55,598,44,0,0,1,"not-selected","before",598
1,56,263,44,0,0,0,"not-selected","before",263
1,57,215,50,0,0,0,"not-selected","before",215
1,58,623,48,0,0,0,"not-selected","before",623
1,59,194,44,0,0,0,"not-selected","before",194
1,60,598,45,0,0,0,"not-selected","before",598
1,61,183,44,0,0,0,"not-selected","before",183
1,62,412,44,0,0,1,"not-selected","before",412
1,63,192,44,0,0,0,"not-selected","before",192
1,64,179,44,0,0,0,"not-selected","before",179
1,65,322,44,0,0,1,"not-selected","before",322
1,66,193,44,0,0,0,"not-selected","before",193
1,67,204,42,0,0,0,"not-selected","before",204
1,68,170,42,0,0,0,"not-selected","before",170
1,69,463,48,0,0,0,"not-selected","before",463
1,70,186,44,0,0,0,"not-selected","before",186
1,71,186,44,0,0,0,"not-selected","before",186
1,72,370,44,0,0,1,"not-selected","before",370
1,73,555,42,0,0,1,"not-selected","before",555
1,74,174,42,0,0,0,"not-selected","before",174
1,75,218,44,0,0,0,"not-selected","before",218
1,76,182,45,0,0,0,"not-selected","before",182
1,77,196,44,0,0,0,"not-selected","before",196
1,78,198,44,0,0,0,"not-selected","before",198
1,79,390,44,0,0,1,"not-selected","before",390
1,80,205,42,0,0,0,"not-selected","before",205
1,81,169,45,0,0,0,"not-selected","before",169
1,82,560,44,0,0,0,"not-selected","before",560
1,83,198,44,0,0,0,"not-selected","before",198
1,84,254,44,0,0,0,"not-selected","before",254
1,85,169,44,0,0,0,"not-selected","after",169
1,86,324,44,0,0,0,"not-selected","after",324
1,87,194,42,0,0,0,"not-selected","after",194
1,88,172,45,0,0,0,"not-selected","after",172
1,89,522,45,0,0,0,"not-selected","after",522
1,90,176,45,0,0,0,"not-selected","after",176
1,91,165,44,0,0,0,"not-selected","after",165
1,92,164,45,0,0,0,"not-selected","after",164
1,93,261,45,0,0,0,"not-selected","after",261
1,94,179,44,0,0,1,"not-selected","after",179
1,95,177,44,0,0,1,"not-selected","after",177
1,96,177,45,0,0,0,"not-selected","after",177
1,97,171,44,0,0,1,"not-selected","after",171
1,98,284,44,0,0,1,"not-selected","after",284
1,99,350,44,0,0,1,"not-selected","after",350
1,100,165,44,0,0,0,"not-selected","after",165
1,101,177,44,0,0,0,"not-selected","after",177
1,102,312,44,0,0,1,"not-selected","after",312
1,103,148,48,0,0,0,"not-selected","after",148
1,104,185,44,0,0,0,"not-selected","after",185
1,105,482,44,0,0,1,"not-selected","after",482
1,106,410,44,0,0,0,"not-selected","after",410
1,107,217,44,0,0,0,"not-selected","after",217
1,108,412,44,0,0,1,"not-selected","after",412
1,109,193,44,0,0,0,"not-selected","after",193
1,110,417,44,0,0,1,"not-selected","after",417
1,111,176,44,0,0,0,"not-selected","after",176
1,112,168,44,0,0,0,"not-selected","after",168
1,113,321,44,0,0,1,"not-selected","after",321
1,114,179,45,0,0,0,"not-selected","after",179
1,115,193,44,0,0,0,"not-selected","after",193
1,116,177,45,0,0,0,"not-selected","after",177
1,117,170,44,0,0,0,"not-selected","after",170
1,118,334,44,0,0,1,"not-selected","after",334
2,37,411,42,1,0,0,"selected","before",411
2,38,277,44,1,0,0,"selected","before",277
2,39,262,42,1,0,0,"selected","before",262
2,40,198,50,1,0,0,"selected","before",198
2,41,205,45,1,0,1,"selected","before",205
2,42,192,42,1,0,0,"selected","before",192
2,43,177,45,1,0,0,"selected","before",177
2,44,167,45,1,0,0,"selected","before",167
2,45,151,42,1,0,0,"selected","before",151
2,46,321,42,1,0,0,"selected","before",321
2,47,249,44,1,0,0,"selected","before",249
2,48,181,45,1,0,0,"selected","before",181
2,49,191,44,1,0,0,"selected","before",191
2,50,259,44,1,0,0,"selected","before",259
2,51,165,44,1,0,0,"selected","before",165
2,52,296,44,1,0,1,"selected","before",296
2,53,175,44,1,0,0,"selected","before",175
2,54,204,50,1,0,0,"selected","before",204
2,55,498,50,1,0,0,"selected","before",498
2,56,262,50,1,0,0,"selected","before",262
2,57,215,44,1,0,0,"selected","before",215
2,58,479,44,1,0,1,"selected","before",479
2,59,172,50,1,0,0,"selected","before",172
2,60,498,44,1,0,0,"selected","before",498
2,61,183,44,1,0,0,"selected","before",183
2,62,382,44,1,0,1,"selected","before",382
2,63,166,45,1,0,0,"selected","before",166
2,64,183,45,1,0,0,"selected","before",183
2,65,277,43,1,0,1,"selected","before",277
2,66,168,44,1,0,1,"selected","before",168
2,67,193,44,1,0,1,"selected","before",193
2,68,173,45,1,0,0,"selected","before",173
2,69,357,44,1,0,1,"selected","before",357
2,70,164,44,1,0,0,"selected","before",164
2,71,158,44,1,0,0,"selected","before",158
2,72,289,44,1,0,1,"selected","before",289
2,73,416,44,1,0,1,"selected","before",416
2,74,157,42,1,0,0,"selected","before",157
2,75,179,44,1,0,0,"selected","before",179
2,76,177,44,1,0,0,"selected","before",177
2,77,162,48,1,0,0,"selected","before",162
2,78,162,44,1,0,0,"selected","before",162
2,79,305,44,1,0,1,"selected","before",305
2,80,182,45,1,0,0,"selected","before",182
2,81,165,45,1,0,0,"selected","before",165
2,82,384,44,1,0,0,"selected","before",384
2,83,159,44,1,0,0,"selected","before",159
2,84,217,44,1,0,0,"selected","before",217
2,85,175,45,1,0,0,"selected","after",205.562948301318
2,86,257,44,1,0,1,"selected","after",301.883872648221
2,87,146,44,1,0,0,"selected","after",171.498231154243
2,88,174,44,1,0,0,"selected","after",204.388302882453
2,89,404,45,1,0,0,"selected","after",474.556749221329
2,90,153,44,1,0,0,"selected","after",179.720749086295
2,91,160,44,1,0,0,"selected","after",187.943267018348
2,92,176,44,1,0,0,"selected","after",206.737593720183
2,93,212,44,1,0,1,"selected","after",249.024828799311
2,94,206,45,1,0,0,"selected","after",241.976956286123
2,95,202,44,1,0,1,"selected","after",237.278374610664
2,96,149,44,1,0,1,"selected","after",175.022167410837
2,97,171,44,1,0,1,"selected","after",200.864366625859
2,98,283,44,1,0,1,"selected","after",332.424653538703
2,99,341,44,1,0,1,"selected","after",400.554087832854
2,100,150,44,1,0,0,"selected","after",176.196812829701
2,101,165,44,1,0,1,"selected","after",193.816494112671
2,102,261,44,1,0,1,"selected","after",306.58245432368
2,103,155,44,1,0,0,"selected","after",182.070039924025
2,104,172,44,1,0,0,"selected","after",202.039012044724
2,105,362,44,1,0,1,"selected","after",425.221641629012
2,106,302,48,1,0,0,"selected","after",354.742916497132
2,107,185,44,1,0,0,"selected","after",217.309402489965
2,108,240,44,1,0,1,"selected","after",281.914900527522
2,109,164,44,1,0,0,"selected","after",192.641848693807
2,110,288,44,1,0,1,"selected","after",338.297880633026
2,111,167,45,1,0,0,"selected","after",196.165784950401
2,112,153,44,1,0,0,"selected","after",179.720749086295
2,113,265,44,1,0,1,"selected","after",311.281035999139
2,114,148,44,1,0,0,"selected","after",173.847521991972
2,115,181,44,1,0,0,"selected","after",212.610820814506
2,116,154,44,1,0,0,"selected","after",180.89539450516
2,117,165,45,1,0,0,"selected","after",193.816494112671
2,118,252,45,1,0,0,"selected","after",296.010645553898
3,37,161,59,0,1,0,"selected","before",161
3,38,162,59,0,1,0,"selected","before",162
3,39,161,59,0,1,0,"selected","before",161
3,40,164,65,0,1,0,"selected","before",164
3,41,173,59,0,1,0,"selected","before",173
3,42,166,59,0,1,0,"selected","before",166
3,43,156,61,0,1,0,"selected","before",156
3,44,165,59,0,1,0,"selected","before",165
3,45,144,61,0,1,0,"selected","before",144
3,46,166,59,0,1,1,"selected","before",166
3,47,217,59,0,1,1,"selected","before",217
3,48,268,45,0,1,0,"selected","before",268
3,49,179,59,0,1,1,"selected","before",179
3,50,187,59,0,1,1,"selected","before",187
3,51,179,61,0,1,0,"selected","before",179
3,52,180,59,0,1,1,"selected","before",180
3,53,171,61,0,1,0,"selected","before",171
3,54,156,59,0,1,0,"selected","before",156
3,55,151,59,0,1,0,"selected","before",151
3,56,156,60,0,1,0,"selected","before",156
3,57,156,59,0,1,0,"selected","before",156
3,58,184,59,0,1,1,"selected","before",184
3,59,182,65,0,1,0,"selected","before",182
3,60,221,49,0,1,1,"selected","before",221
3,61,202,49,0,1,1,"selected","before",202
3,62,176,65,0,1,1,"selected","before",176
3,63,187,49,0,1,1,"selected","before",187
3,64,165,59,0,1,1,"selected","before",165
3,65,146,65,0,1,0,"selected","before",146
3,66,146,61,0,1,0,"selected","before",146
3,67,165,60,0,1,0,"selected","before",165
3,68,166,59,0,1,0,"selected","before",166
3,69,166,59,0,1,0,"selected","before",166
3,70,167,59,0,1,0,"selected","before",167
3,71,175,59,0,1,0,"selected","before",175
3,72,162,65,0,1,0,"selected","before",162
3,73,147,60,0,1,0,"selected","before",147
3,74,204,59,0,1,1,"selected","before",204
3,75,197,59,0,1,1,"selected","before",197
3,76,166,59,0,1,0,"selected","before",166
3,77,162,59,0,1,0,"selected","before",162
3,78,160,63,0,1,0,"selected","before",160
3,79,153,61,0,1,0,"selected","before",153
3,80,158,59,0,1,0,"selected","before",158
3,81,159,65,0,1,0,"selected","before",159
3,82,160,59,0,1,0,"selected","before",160
3,83,170,59,0,1,0,"selected","before",170
3,84,166,59,0,1,0,"selected","before",166
3,85,157,59,0,1,0,"selected","after",184.419330761754
3,86,151,59,0,1,0,"selected","after",177.371458248566
3,87,149,59,0,1,0,"selected","after",175.022167410837
3,88,162,60,0,1,0,"selected","after",190.292557856077
3,89,145,59,0,1,0,"selected","after",170.323585735378
3,90,169,65,0,1,0,"selected","after",198.51507578813
3,91,169,59,0,1,0,"selected","after",198.51507578813
3,92,176,59,0,1,1,"selected","after",206.737593720183
3,93,211,59,0,1,1,"selected","after",247.850183380446
3,94,163,59,0,1,1,"selected","after",191.467203274942
3,95,188,59,0,1,1,"selected","after",220.833338746559
3,96,148,60,0,1,0,"selected","after",173.847521991972
3,97,139,59,0,1,0,"selected","after",163.27571322219
3,98,167,59,0,1,0,"selected","after",196.165784950401
3,99,161,63,0,1,0,"selected","after",189.117912437213
3,100,155,65,0,1,0,"selected","after",182.070039924025
3,101,151,59,0,1,0,"selected","after",177.371458248566
3,102,178,63,0,1,0,"selected","after",209.086884557912
3,103,197,59,0,1,1,"selected","after",231.405147516341
3,104,199,69,0,1,1,"selected","after",233.75443835407
3,105,222,59,0,1,1,"selected","after",260.771282987958
3,106,156,67,0,1,0,"selected","after",183.244685342889
3,107,153,59,0,1,0,"selected","after",179.720749086295
3,108,145,59,0,1,0,"selected","after",170.323585735378
3,109,161,59,0,1,0,"selected","after",189.117912437213
3,110,145,59,0,1,0,"selected","after",170.323585735378
3,111,161,59,0,1,1,"selected","after",189.117912437213
3,112,151,67,0,1,0,"selected","after",177.371458248566
3,113,160,65,0,1,0,"selected","after",187.943267018348
3,114,156,65,0,1,0,"selected","after",183.244685342889
3,115,143,65,0,1,0,"selected","after",167.974294897649
3,116,139,60,0,1,0,"selected","after",163.27571322219
3,117,149,60,0,1,0,"selected","after",175.022167410837
3,118,147,65,0,1,0,"selected","after",172.672876573107
4,37,235,59,0,0,1,"not-selected","before",235
4,38,207,59,0,0,0,"not-selected","before",207
4,39,203,59,0,0,0,"not-selected","before",203
4,40,195,59,0,0,0,"not-selected","before",195
4,41,183,59,0,0,0,"not-selected","before",183
4,42,164,59,0,0,0,"not-selected","before",164
4,43,197,59,0,0,0,"not-selected","before",197
4,44,204,59,0,0,0,"not-selected","before",204
4,45,156,65,0,0,0,"not-selected","before",156
4,46,189,65,0,0,0,"not-selected","before",189
4,47,236,59,0,0,1,"not-selected","before",236
4,48,222,59,0,0,0,"not-selected","before",222
4,49,226,59,0,0,1,"not-selected","before",226
4,50,256,59,0,0,1,"not-selected","before",256
4,51,523,59,0,0,1,"not-selected","before",523
4,52,286,59,0,0,1,"not-selected","before",286
4,53,238,65,0,0,0,"not-selected","before",238
4,54,214,60,0,0,0,"not-selected","before",214
4,55,258,65,0,0,0,"not-selected","before",258
4,56,227,60,0,0,0,"not-selected","before",227
4,57,203,61,0,0,0,"not-selected","before",203
4,58,208,61,0,0,0,"not-selected","before",208
4,59,209,60,0,0,0,"not-selected","before",209
4,60,206,59,0,0,1,"not-selected","before",206
4,61,190,59,0,0,1,"not-selected","before",190
4,62,243,59,0,0,1,"not-selected","before",243
4,63,288,60,0,0,0,"not-selected","before",288
4,64,208,59,0,0,0,"not-selected","before",208
4,65,236,65,0,0,0,"not-selected","before",236
4,66,175,61,0,0,0,"not-selected","before",175
4,67,205,65,0,0,0,"not-selected","before",205
4,68,192,65,0,0,0,"not-selected","before",192
4,69,221,65,0,0,0,"not-selected","before",221
4,70,202,59,0,0,0,"not-selected","before",202
4,71,259,65,0,0,0,"not-selected","before",259
4,72,221,59,0,0,0,"not-selected","before",221
4,73,194,59,0,0,0,"not-selected","before",194
4,74,205,65,0,0,0,"not-selected","before",205
4,75,228,59,0,0,0,"not-selected","before",228
4,76,262,59,0,0,1,"not-selected","before",262
4,77,190,57,0,0,0,"not-selected","before",190
4,78,232,59,0,0,0,"not-selected","before",232
4,79,187,61,0,0,0,"not-selected","before",187
4,80,202,59,0,0,0,"not-selected","before",202
4,81,185,67,0,0,0,"not-selected","before",185
4,82,210,59,0,0,1,"not-selected","before",210
4,83,276,59,0,0,1,"not-selected","before",276
4,84,200,59,0,0,1,"not-selected","before",200
4,85,230,59,0,0,0,"not-selected","after",230
4,86,198,59,0,0,0,"not-selected","after",198
4,87,215,59,0,0,0,"not-selected","after",215
4,88,220,59,0,0,0,"not-selected","after",220
4,89,214,59,0,0,0,"not-selected","after",214
4,90,178,59,0,0,0,"not-selected","after",178
4,91,226,59,0,0,0,"not-selected","after",226
4,92,257,63,0,0,1,"not-selected","after",257
4,93,201,67,0,0,1,"not-selected","after",201
4,94,204,59,0,0,0,"not-selected","after",204
4,95,193,60,0,0,0,"not-selected","after",193
4,96,169,60,0,0,0,"not-selected","after",169
4,97,170,59,0,0,0,"not-selected","after",170
4,98,187,59,0,0,0,"not-selected","after",187
4,99,213,59,0,0,0,"not-selected","after",213
4,100,260,59,0,0,0,"not-selected","after",260
4,101,250,67,0,0,0,"not-selected","after",250
4,102,221,63,0,0,0,"not-selected","after",221
4,103,406,67,0,0,0,"not-selected","after",406
4,104,271,67,0,0,0,"not-selected","after",271
4,105,193,59,0,0,0,"not-selected","after",193
4,106,187,59,0,0,0,"not-selected","after",187
4,107,201,60,0,0,0,"not-selected","after",201
4,108,299,59,0,0,1,"not-selected","after",299
4,109,175,29,0,0,0,"not-selected","after",175
4,110,205,29,0,0,0,"not-selected","after",205
4,111,194,29,0,0,0,"not-selected","after",194
4,112,195,67,0,0,0,"not-selected","after",195
4,113,199,67,0,0,0,"not-selected","after",199
4,114,238,65,0,0,0,"not-selected","after",238
4,115,228,67,0,0,0,"not-selected","after",228
4,116,176,65,0,0,0,"not-selected","after",176
4,117,173,67,0,0,0,"not-selected","after",173
4,118,194,67,0,0,0,"not-selected","after",194
5,37,139,41,0,0,0,"not-selected","before",139
5,38,139,41,0,0,0,"not-selected","before",139
5,39,144,41,0,0,0,"not-selected","before",144
5,40,144,41,0,0,0,"not-selected","before",144
5,41,141,41,0,0,0,"not-selected","before",141
5,42,143,41,0,0,0,"not-selected","before",143
5,43,140,41,0,0,0,"not-selected","before",140
5,44,63,48,0,0,0,"not-selected","before",63
5,45,62,48,0,0,0,"not-selected","before",62
5,46,61,48,0,0,0,"not-selected","before",61
5,47,161,47,0,0,1,"not-selected","before",161
5,48,202,43,0,0,1,"not-selected","before",202
5,49,59,48,0,0,0,"not-selected","before",59
5,50,65,48,0,0,0,"not-selected","before",65
5,51,204,43,0,0,1,"not-selected","before",204
5,52,63,48,0,0,0,"not-selected","before",63
5,53,139,41,0,0,0,"not-selected","before",139
5,54,116,43,0,0,0,"not-selected","before",116
5,55,162,47,0,0,1,"not-selected","before",162
5,56,159,47,0,0,1,"not-selected","before",159
5,57,141,41,0,0,0,"not-selected","before",141
5,58,63,48,0,0,0,"not-selected","before",63
5,59,157,47,0,0,1,"not-selected","before",157
5,60,160,47,0,0,1,"not-selected","before",160
5,61,142,41,0,0,0,"not-selected","before",142
5,62,159,47,0,0,1,"not-selected","before",159
5,63,59,48,0,0,0,"not-selected","before",59
5,64,143,41,0,0,0,"not-selected","before",143
5,65,144,41,0,0,0,"not-selected","before",144
5,66,143,41,0,0,0,"not-selected","before",143
5,67,57,48,0,0,0,"not-selected","before",57
5,68,146,48,0,0,1,"not-selected","before",146
5,69,158,47,0,0,1,"not-selected","before",158
5,70,62,48,0,0,0,"not-selected","before",62
5,71,142,41,0,0,0,"not-selected","before",142
5,72,142,41,0,0,0,"not-selected","before",142
5,73,142,41,0,0,0,"not-selected","before",142
5,74,143,41,0,0,0,"not-selected","before",143
5,75,204,43,0,0,1,"not-selected","before",204
5,76,157,47,0,0,1,"not-selected","before",157
5,77,143,41,0,0,0,"not-selected","before",143
5,78,141,41,0,0,0,"not-selected","before",141
5,79,144,41,0,0,0,"not-selected","before",144
5,80,159,47,0,0,1,"not-selected","before",159
5,81,141,41,0,0,0,"not-selected","before",141
5,82,143,41,0,0,0,"not-selected","before",143
5,83,146,48,0,0,1,"not-selected","before",146
5,84,159,47,0,0,1,"not-selected","before",159
5,85,206,43,0,0,1,"not-selected","after",206
5,86,159,47,0,0,1,"not-selected","after",159
5,87,57,48,0,0,0,"not-selected","after",57
5,88,3,53,0,0,0,"not-selected","after",3
5,89,1,53,0,0,0,"not-selected","after",1
5,90,155,47,0,0,1,"not-selected","after",155
5,91,158,47,0,0,1,"not-selected","after",158
5,92,161,47,0,0,1,"not-selected","after",161
5,93,5,53,0,0,0,"not-selected","after",5
5,94,144,48,0,0,1,"not-selected","after",144
5,95,5,53,0,0,0,"not-selected","after",5
5,96,159,47,0,0,1,"not-selected","after",159
5,97,86,53,0,0,1,"not-selected","after",86
5,98,60,48,0,0,0,"not-selected","after",60
5,99,62,48,0,0,0,"not-selected","after",62
5,100,92,53,0,0,1,"not-selected","after",92
5,101,141,41,0,0,0,"not-selected","after",141
5,102,160,47,0,0,1,"not-selected","after",160
5,103,60,48,0,0,0,"not-selected","after",60
5,104,156,47,0,0,1,"not-selected","after",156
5,105,157,47,0,0,1,"not-selected","after",157
5,106,3,53,0,0,0,"not-selected","after",3
5,107,162,47,0,0,1,"not-selected","after",162
5,108,6,53,0,0,0,"not-selected","after",6
5,109,61,48,0,0,0,"not-selected","after",61
5,110,64,48,0,0,0,"not-selected","after",64
5,111,5,53,0,0,0,"not-selected","after",5
5,112,158,47,0,0,1,"not-selected","after",158
5,113,149,48,0,0,1,"not-selected","after",149
5,114,0,53,0,0,0,"not-selected","after",0
5,115,146,48,0,0,1,"not-selected","after",146
5,116,153,47,0,0,1,"not-selected","after",153
5,117,158,47,0,0,1,"not-selected","after",158
5,118,152,47,0,0,1,"not-selected","after",152
6,37,152,65,0,0,0,"selected","before",152
6,38,130,68,0,0,0,"selected","before",130
6,39,129,65,0,0,0,"selected","before",129
6,40,133,65,0,0,0,"selected","before",133
6,41,150,65,0,0,0,"selected","before",150
6,42,127,68,0,0,0,"selected","before",127
6,43,131,66,0,0,0,"selected","before",131
6,44,131,63,0,0,0,"selected","before",131
6,45,115,66,0,0,0,"selected","before",115
6,46,134,65,0,0,0,"selected","before",134
6,47,144,65,0,0,0,"selected","before",144
6,48,120,66,0,0,0,"selected","before",120
6,49,154,66,0,0,0,"selected","before",154
6,50,119,65,0,0,0,"selected","before",119
6,51,134,66,0,0,0,"selected","before",134
6,52,150,66,0,0,0,"selected","before",150
6,53,268,66,0,0,0,"selected","before",268
6,54,294,65,0,0,0,"selected","before",294
6,55,120,65,0,0,0,"selected","before",120
6,56,160,68,0,0,0,"selected","before",160
6,57,142,65,0,0,0,"selected","before",142
6,58,158,63,0,0,0,"selected","before",158
6,59,148,68,0,0,0,"selected","before",148
6,60,98,68,0,0,0,"selected","before",98
6,61,118,65,0,0,0,"selected","before",118
6,62,140,65,0,0,0,"selected","before",140
6,63,423,65,0,0,1,"selected","before",423
6,64,115,65,0,0,0,"selected","before",115
6,65,119,63,0,0,0,"selected","before",119
6,66,146,66,0,0,0,"selected","before",146
6,67,230,65,0,0,0,"selected","before",230
6,68,339,63,0,0,0,"selected","before",339
6,69,189,69,0,0,1,"selected","before",189
6,70,301,65,0,0,0,"selected","before",301
6,71,138,65,0,0,0,"selected","before",138
6,72,126,68,0,0,0,"selected","before",126
6,73,143,65,0,0,0,"selected","before",143
6,74,163,65,0,0,0,"selected","before",163
6,75,190,63,0,0,1,"selected","before",190
6,76,130,65,0,0,0,"selected","before",130
6,77,109,65,0,0,0,"selected","before",109
6,78,180,69,0,0,1,"selected","before",180
6,79,156,65,0,0,0,"selected","before",156
6,80,158,65,0,0,0,"selected","before",158
6,81,221,65,0,0,0,"selected","before",221
6,82,116,65,0,0,0,"selected","before",116
6,83,139,68,0,0,0,"selected","before",139
6,84,111,63,0,0,0,"selected","before",111
6,85,135,63,0,0,0,"selected","after",158.577131546731
6,86,129,65,0,0,0,"selected","after",151.529259033543
6,87,166,68,0,0,0,"selected","after",194.991139531536
6,88,310,67,0,0,1,"selected","after",364.140079848049
6,89,212,65,0,0,0,"selected","after",249.024828799311
6,90,141,67,0,0,0,"selected","after",165.625004059919
6,91,110,69,0,0,1,"selected","after",129.210996075114
6,92,163,65,0,0,0,"selected","after",191.467203274942
6,93,149,65,0,0,0,"selected","after",175.022167410837
6,94,143,65,0,0,0,"selected","after",167.974294897649
6,95,166,70,0,0,1,"selected","after",194.991139531536
6,96,142,63,0,0,1,"selected","after",166.799649478784
6,97,295,67,0,0,0,"selected","after",346.520398565079
6,98,126,65,0,0,0,"selected","after",148.005322776949
6,99,119,65,0,0,0,"selected","after",139.782804844896
6,100,171,65,0,0,0,"selected","after",200.864366625859
6,101,169,65,0,0,0,"selected","after",198.51507578813
6,102,138,68,0,0,0,"selected","after",162.101067803325
6,103,303,65,0,0,0,"selected","after",355.917561915996
6,104,304,69,0,0,1,"selected","after",357.092207334861
6,105,248,71,0,0,0,"selected","after",291.312063878439
6,106,123,63,0,0,0,"selected","after",144.481386520355
6,107,126,71,0,0,0,"selected","after",148.005322776949
6,108,191,65,0,0,0,"selected","after",224.357275003153
6,109,151,71,0,0,0,"selected","after",177.371458248566
6,110,181,65,0,0,0,"selected","after",212.610820814506
6,111,96,71,0,0,0,"selected","after",112.765960211009
6,112,129,63,0,0,0,"selected","after",151.529259033543
6,113,243,69,0,0,1,"selected","after",285.438836784116
6,114,126,69,0,0,1,"selected","after",148.005322776949
6,115,79,67,0,0,0,"selected","after",92.7969880903093
6,116,79,67,0,0,0,"selected","after",92.7969880903093
6,117,79,67,0,0,0,"selected","after",92.7969880903093
6,118,80,67,0,0,0,"selected","after",93.971633509174
7,37,176,59,0,1,1,"not-selected","before",176
7,38,171,59,0,1,1,"not-selected","before",171
7,39,188,59,0,1,0,"not-selected","before",188
7,40,155,59,0,1,0,"not-selected","before",155
7,41,156,57,0,1,0,"not-selected","before",156
7,42,165,59,0,1,0,"not-selected","before",165
7,43,156,65,0,1,0,"not-selected","before",156
7,44,156,59,0,1,0,"not-selected","before",156
7,45,152,65,0,1,0,"not-selected","before",152
7,46,169,58,0,1,0,"not-selected","before",169
7,47,185,57,0,1,0,"not-selected","before",185
7,48,162,58,0,1,0,"not-selected","before",162
7,49,164,65,0,1,0,"not-selected","before",164
7,50,169,59,0,1,0,"not-selected","before",169
7,51,179,59,0,1,0,"not-selected","before",179
7,52,176,59,0,1,0,"not-selected","before",176
7,53,170,59,0,1,0,"not-selected","before",170
7,54,197,59,0,1,0,"not-selected","before",197
7,55,188,58,0,1,0,"not-selected","before",188
7,56,213,65,0,1,1,"not-selected","before",213
7,57,180,59,0,1,0,"not-selected","before",180
7,58,191,65,0,1,0,"not-selected","before",191
7,59,184,59,0,1,1,"not-selected","before",184
7,60,173,59,0,1,1,"not-selected","before",173
7,61,201,57,0,1,0,"not-selected","before",201
7,62,194,59,0,1,0,"not-selected","before",194
7,63,197,59,0,1,0,"not-selected","before",197
7,64,176,59,0,1,0,"not-selected","before",176
7,65,177,58,0,1,0,"not-selected","before",177
7,66,181,59,0,1,0,"not-selected","before",181
7,67,195,58,0,1,0,"not-selected","before",195
7,68,177,59,0,1,1,"not-selected","before",177
7,69,187,65,0,1,1,"not-selected","before",187
7,70,190,59,0,1,1,"not-selected","before",190
7,71,194,65,0,1,0,"not-selected","before",194
7,72,169,59,0,1,0,"not-selected","before",169
7,73,159,59,0,1,0,"not-selected","before",159
7,74,178,59,0,1,0,"not-selected","before",178
7,75,180,65,0,1,1,"not-selected","before",180
7,76,181,65,0,1,0,"not-selected","before",181
7,77,158,65,0,1,0,"not-selected","before",158
7,78,198,59,0,1,0,"not-selected","before",198
7,79,163,59,0,1,0,"not-selected","before",163
7,80,193,59,0,1,0,"not-selected","before",193
7,81,184,57,0,1,0,"not-selected","before",184
7,82,182,65,0,1,0,"not-selected","before",182
7,83,213,57,0,1,0,"not-selected","before",213
7,84,197,59,0,1,1,"not-selected","before",197
7,85,198,59,0,1,0,"not-selected","after",198
7,86,217,65,0,1,0,"not-selected","after",217
7,87,175,57,0,1,0,"not-selected","after",175
7,88,182,59,0,1,0,"not-selected","after",182
7,89,156,59,0,1,0,"not-selected","after",156
7,90,190,59,0,1,0,"not-selected","after",190
7,91,177,59,0,1,0,"not-selected","after",177
7,92,175,58,0,1,0,"not-selected","after",175
7,93,177,57,0,1,0,"not-selected","after",177
7,94,177,65,0,1,0,"not-selected","after",177
7,95,183,59,0,1,0,"not-selected","after",183
7,96,177,59,0,1,0,"not-selected","after",177
7,97,152,58,0,1,0,"not-selected","after",152
7,98,172,59,0,1,0,"not-selected","after",172
7,99,211,57,0,1,0,"not-selected","after",211
7,100,227,58,0,1,0,"not-selected","after",227
7,101,203,65,0,1,0,"not-selected","after",203
7,102,171,59,0,1,0,"not-selected","after",171
7,103,169,60,0,1,0,"not-selected","after",169
7,104,191,60,0,1,0,"not-selected","after",191
7,105,237,60,0,1,0,"not-selected","after",237
7,106,206,59,0,1,0,"not-selected","after",206
7,107,190,59,0,1,0,"not-selected","after",190
7,108,226,60,0,1,0,"not-selected","after",226
7,109,186,65,0,1,0,"not-selected","after",186
7,110,191,59,0,1,0,"not-selected","after",191
7,111,204,60,0,1,0,"not-selected","after",204
7,112,229,60,0,1,1,"not-selected","after",229
7,113,199,59,0,1,0,"not-selected","after",199
7,114,205,60,0,1,0,"not-selected","after",205
7,115,202,59,0,1,1,"not-selected","after",202
7,116,188,60,0,1,0,"not-selected","after",188
7,117,206,60,0,1,0,"not-selected","after",206
7,118,216,67,0,1,0,"not-selected","after",216
8,37,291,43.99998,1,0,1,"selected","before",291
8,38,360,43.99998,1,0,0,"selected","before",360
8,39,275,39.99999,1,0,0,"selected","before",275
8,40,200,41.99998,1,0,0,"selected","before",200
8,41,215,43.99998,1,0,0,"selected","before",215
8,42,188,41.99998,1,0,0,"selected","before",188
8,43,165,41.99998,1,0,0,"selected","before",165
8,44,174,44.99998,1,0,0,"selected","before",174
8,45,164,43.99998,1,0,0,"selected","before",164
8,46,294,43.99998,1,0,1,"selected","before",294
8,47,228,43.99998,1,0,0,"selected","before",228
8,48,192,44.99998,1,0,0,"selected","before",192
8,49,162,41.99998,1,0,0,"selected","before",162
8,50,332,50,1,0,0,"selected","before",332
8,51,172,43.99998,1,0,0,"selected","before",172
8,52,324,43.99998,1,0,1,"selected","before",324
8,53,219,43.99998,1,0,0,"selected","before",219
8,54,222,43.99998,1,0,0,"selected","before",222
8,55,558,43.99998,1,0,1,"selected","before",558
8,56,250,50,1,0,0,"selected","before",250
8,57,206,50,1,0,0,"selected","before",206
8,58,475,43.99998,1,0,1,"selected","before",475
8,59,188,42.99998,1,0,1,"selected","before",188
8,60,558,43.99998,1,0,0,"selected","before",558
8,61,178,43.99998,1,0,0,"selected","before",178
8,62,384,43.99998,1,0,0,"selected","before",384
8,63,186,43.99998,1,0,0,"selected","before",186
8,64,174,43.99998,1,0,0,"selected","before",174
8,65,264,43.99998,1,0,1,"selected","before",264
8,66,187,43.99998,1,0,0,"selected","before",187
8,67,197,43.99998,1,0,0,"selected","before",197
8,68,166,44.99998,1,0,0,"selected","before",166
8,69,430,44.99998,1,0,1,"selected","before",430
8,70,180,43.99998,1,0,0,"selected","before",180
8,71,180,43.99998,1,0,0,"selected","before",180
8,72,346,44.99998,1,0,0,"selected","before",346
8,73,512,43.99998,1,0,1,"selected","before",512
8,74,170,43.99998,1,0,0,"selected","before",170
8,75,209,44.99998,1,0,1,"selected","before",209
8,76,171,43.99998,1,0,0,"selected","before",171
8,77,189,44.99998,1,0,0,"selected","before",189
8,78,191,43.99998,1,0,0,"selected","before",191
8,79,364,44.99998,1,0,0,"selected","before",364
8,80,197,44.99998,1,0,0,"selected","before",197
8,81,165,43.99998,1,0,0,"selected","before",165
8,82,646,44.99998,1,0,0,"selected","before",646
8,83,191,41.99998,1,0,1,"selected","before",191
8,84,242,43.99998,1,0,0,"selected","before",242
8,85,165,44.99998,1,0,0,"selected","after",193.816494112671
8,86,305,44.99998,1,0,0,"selected","after",358.266852753726
8,87,188,41.99998,1,0,0,"selected","after",220.833338746559
8,88,168,47.99998,1,0,0,"selected","after",197.340430369265
8,89,483,44.99998,1,0,0,"selected","after",567.353737311638
8,90,162,43.99998,1,0,0,"selected","after",190.292557856077
8,91,161,43.99998,1,0,0,"selected","after",189.117912437213
8,92,161,44.99998,1,0,0,"selected","after",189.117912437213
8,93,248,43.99998,1,0,1,"selected","after",291.312063878439
8,94,174,43.99998,1,0,1,"selected","after",204.388302882453
8,95,172,43.99998,1,0,1,"selected","after",202.039012044724
8,96,172,47.99998,1,0,0,"selected","after",202.039012044724
8,97,158,43.99998,1,0,1,"selected","after",185.593976180619
8,98,269,43.99998,1,0,1,"selected","after",315.979617674598
8,99,328,43.99998,1,0,1,"selected","after",385.283697387613
8,100,161,43.99998,1,0,0,"selected","after",189.117912437213
8,101,172,43.99998,1,0,0,"selected","after",202.039012044724
8,102,294,43.99998,1,0,1,"selected","after",345.345753146214
8,103,146,44.99998,1,0,0,"selected","after",171.498231154243
8,104,174,43.99998,1,0,0,"selected","after",204.388302882453
8,105,447,44.99998,1,0,0,"selected","after",525.06650223251
8,106,382,43.99998,1,0,0,"selected","after",448.714550006306
8,107,208,43.99998,1,0,0,"selected","after",244.326247123852
8,108,384,44.99998,1,0,0,"selected","after",451.063840844035
8,109,187,43.99998,1,0,0,"selected","after",219.658693327694
8,110,388,44.99998,1,0,0,"selected","after",455.762422519494
8,111,171,43.99998,1,0,0,"selected","after",200.864366625859
8,112,160,43.99998,1,0,0,"selected","after",187.943267018348
8,113,302,43.99998,1,0,1,"selected","after",354.742916497132
8,114,174,43.99998,1,0,0,"selected","after",204.388302882453
8,115,187,41.99998,1,0,1,"selected","after",219.658693327694
8,116,163,43.99998,1,0,0,"selected","after",191.467203274942
8,117,166,43.99998,1,0,0,"selected","after",194.991139531536
8,118,314,41.99998,1,0,0,"selected","after",368.838661523508
9,37,538,41,1,0,0,"selected","before",538
9,38,544,41,1,0,0,"selected","before",544
9,39,539,41,1,0,0,"selected","before",539
9,40,546,41,1,0,0,"selected","before",546
9,41,541,41,1,0,0,"selected","before",541
9,42,541,41,1,0,0,"selected","before",541
9,43,538,41,1,0,0,"selected","before",538
9,44,519,48,1,0,0,"selected","before",519
9,45,509,48,1,0,0,"selected","before",509
9,46,518,48,1,0,0,"selected","before",518
9,47,583,47,1,0,1,"selected","before",583
9,48,599,43,1,0,1,"selected","before",599
9,49,508,48,1,0,0,"selected","before",508
9,50,523,48,1,0,0,"selected","before",523
9,51,593,43,1,0,1,"selected","before",593
9,52,520,48,1,0,0,"selected","before",520
9,53,539,41,1,0,0,"selected","before",539
9,54,539,43,1,0,0,"selected","before",539
9,55,579,47,1,0,1,"selected","before",579
9,56,589,47,1,0,1,"selected","before",589
9,57,547,41,1,0,0,"selected","before",547
9,58,521,48,1,0,0,"selected","before",521
9,59,586,47,1,0,1,"selected","before",586
9,60,578,47,1,0,1,"selected","before",578
9,61,539,41,1,0,0,"selected","before",539
9,62,589,47,1,0,1,"selected","before",589
9,63,506,48,1,0,0,"selected","before",506
9,64,537,41,1,0,0,"selected","before",537
9,65,549,41,1,0,0,"selected","before",549
9,66,538,41,1,0,0,"selected","before",538
9,67,506,48,1,0,0,"selected","before",506
9,68,585,48,1,0,1,"selected","before",585
9,69,578,47,1,0,1,"selected","before",578
9,70,516,48,1,0,0,"selected","before",516
9,71,538,41,1,0,0,"selected","before",538
9,72,543,41,1,0,0,"selected","before",543
9,73,552,41,1,0,0,"selected","before",552
9,74,548,41,1,0,0,"selected","before",548
9,75,603,43,1,0,1,"selected","before",603
9,76,585,47,1,0,1,"selected","before",585
9,77,548,41,1,0,0,"selected","before",548
9,78,546,41,1,0,0,"selected","before",546
9,79,539,41,1,0,0,"selected","before",539
9,80,585,47,1,0,1,"selected","before",585
9,81,532,41,1,0,0,"selected","before",532
9,82,540,41,1,0,0,"selected","before",540
9,83,588,48,1,0,1,"selected","before",588
9,84,582,47,1,0,1,"selected","before",582
9,85,603,43,1,0,1,"selected","after",708.311187575399
9,86,584,47,1,0,1,"selected","after",685.99292461697
9,87,514,48,1,0,0,"selected","after",603.767745296443
9,88,500,53,1,0,0,"selected","after",587.322709432337
9,89,491,53,1,0,0,"selected","after",576.750900662555
9,90,588,47,1,0,1,"selected","after",690.691506292429
9,91,581,47,1,0,1,"selected","after",682.468988360376
9,92,578,47,1,0,1,"selected","after",678.945052103782
9,93,505,53,1,0,0,"selected","after",593.195936526661
9,94,570,48,1,0,1,"selected","after",669.547888752865
9,95,502,53,1,0,0,"selected","after",589.672000270067
9,96,601,47,1,0,1,"selected","after",705.96189673767
9,97,560,53,1,0,1,"selected","after",657.801434564218
9,98,511,48,1,0,0,"selected","after",600.243809039849
9,99,525,48,1,0,0,"selected","after",616.688844903954
9,100,554,53,1,0,1,"selected","after",650.75356205103
9,101,547,41,1,0,0,"selected","after",642.531044118977
9,102,573,47,1,0,1,"selected","after",673.071825009459
9,103,519,48,1,0,0,"selected","after",609.640972390766
9,104,577,47,1,0,1,"selected","after",677.770406684917
9,105,568,47,1,0,1,"selected","after",667.198597915135
9,106,499,53,1,0,0,"selected","after",586.148064013473
9,107,585,47,1,0,1,"selected","after",687.167570035835
9,108,503,53,1,0,0,"selected","after",590.846645688932
9,109,521,48,1,0,0,"selected","after",611.990263228496
9,110,515,48,1,0,0,"selected","after",604.942390715308
9,111,499,53,1,0,0,"selected","after",586.148064013473
9,112,584,47,1,0,1,"selected","after",685.99292461697
9,113,577,48,1,0,1,"selected","after",677.770406684917
9,114,500,53,1,0,0,"selected","after",587.322709432337
9,115,585,48,1,0,1,"selected","after",687.167570035835
9,116,584,47,1,0,1,"selected","after",685.99292461697
9,117,574,47,1,0,1,"selected","after",674.246470428323
9,118,581,47,1,0,1,"selected","after",682.468988360376
10,37,305,41,1,0,0,"not-selected","before",305
10,38,306,41,1,0,0,"not-selected","before",306
10,39,302,41,1,0,0,"not-selected","before",302
10,40,306,41,1,0,0,"not-selected","before",306
10,41,310,41,1,0,0,"not-selected","before",310
10,42,303,41,1,0,0,"not-selected","before",303
10,43,308,41,1,0,0,"not-selected","before",308
10,44,292,48,1,0,0,"not-selected","before",292
10,45,297,48,1,0,0,"not-selected","before",297
10,46,290,48,1,0,0,"not-selected","before",290
10,47,344,47,1,0,1,"not-selected","before",344
10,48,354,43,1,0,1,"not-selected","before",354
10,49,293,48,1,0,0,"not-selected","before",293
10,50,293,48,1,0,0,"not-selected","before",293
10,51,355,43,1,0,1,"not-selected","before",355
10,52,293,48,1,0,0,"not-selected","before",293
10,53,309,41,1,0,0,"not-selected","before",309
10,54,299,43,1,0,0,"not-selected","before",299
10,55,347,47,1,0,1,"not-selected","before",347
10,56,342,47,1,0,1,"not-selected","before",342
10,57,310,41,1,0,0,"not-selected","before",310
10,58,292,48,1,0,0,"not-selected","before",292
10,59,342,47,1,0,1,"not-selected","before",342
10,60,345,47,1,0,1,"not-selected","before",345
10,61,303,41,1,0,0,"not-selected","before",303
10,62,341,47,1,0,1,"not-selected","before",341
10,63,294,48,1,0,0,"not-selected","before",294
10,64,309,41,1,0,0,"not-selected","before",309
10,65,302,41,1,0,0,"not-selected","before",302
10,66,305,41,1,0,0,"not-selected","before",305
10,67,296,48,1,0,0,"not-selected","before",296
10,68,345,48,1,0,1,"not-selected","before",345
10,69,344,47,1,0,1,"not-selected","before",344
10,70,294,48,1,0,0,"not-selected","before",294
10,71,311,41,1,0,0,"not-selected","before",311
10,72,308,41,1,0,0,"not-selected","before",308
10,73,307,41,1,0,0,"not-selected","before",307
10,74,298,41,1,0,0,"not-selected","before",298
10,75,352,43,1,0,1,"not-selected","before",352
10,76,342,47,1,0,1,"not-selected","before",342
10,77,307,41,1,0,0,"not-selected","before",307
10,78,313,41,1,0,0,"not-selected","before",313
10,79,311,41,1,0,0,"not-selected","before",311
10,80,342,47,1,0,1,"not-selected","before",342
10,81,311,41,1,0,0,"not-selected","before",311
10,82,303,41,1,0,0,"not-selected","before",303
10,83,342,48,1,0,1,"not-selected","before",342
10,84,342,47,1,0,1,"not-selected","before",342
10,85,356,43,1,0,1,"not-selected","after",356
10,86,344,47,1,0,1,"not-selected","after",344
10,87,294,48,1,0,0,"not-selected","after",294
10,88,279,53,1,0,0,"not-selected","after",279
10,89,278,53,1,0,0,"not-selected","after",278
10,90,346,47,1,0,1,"not-selected","after",346
10,91,340,47,1,0,1,"not-selected","after",340
10,92,345,47,1,0,1,"not-selected","after",345
10,93,280,53,1,0,0,"not-selected","after",280
10,94,342,48,1,0,1,"not-selected","after",342
10,95,283,53,1,0,0,"not-selected","after",283
10,96,343,47,1,0,1,"not-selected","after",343
10,97,330,53,1,0,1,"not-selected","after",330
10,98,289,48,1,0,0,"not-selected","after",289
10,99,289,48,1,0,0,"not-selected","after",289
10,100,332,53,1,0,1,"not-selected","after",332
10,101,308,41,1,0,0,"not-selected","after",308
10,102,342,47,1,0,1,"not-selected","after",342
10,103,292,48,1,0,0,"not-selected","after",292
10,104,348,47,1,0,1,"not-selected","after",348
10,105,342,47,1,0,1,"not-selected","after",342
10,106,279,53,1,0,0,"not-selected","after",279
10,107,347,47,1,0,1,"not-selected","after",347
10,108,279,53,1,0,0,"not-selected","after",279
10,109,294,48,1,0,0,"not-selected","after",294
10,110,289,48,1,0,0,"not-selected","after",289
10,111,282,53,1,0,0,"not-selected","after",282
10,112,344,47,1,0,1,"not-selected","after",344
10,113,342,48,1,0,1,"not-selected","after",342
10,114,279,53,1,0,0,"not-selected","after",279
10,115,337,48,1,0,1,"not-selected","after",337
10,116,338,47,1,0,1,"not-selected","after",338
10,117,345,47,1,0,1,"not-selected","after",345
10,118,347,47,1,0,1,"not-selected","after",347
11,37,485,41,1,0,0,"not-selected","before",485
11,38,480,41,1,0,0,"not-selected","before",480
11,39,482,41,1,0,0,"not-selected","before",482
11,40,482,41,1,0,0,"not-selected","before",482
11,41,483,41,1,0,0,"not-selected","before",483
11,42,483,41,1,0,0,"not-selected","before",483
11,43,486,41,1,0,0,"not-selected","before",486
11,44,450,48,1,0,0,"not-selected","before",450
11,45,451,48,1,0,0,"not-selected","before",451
11,46,447,48,1,0,0,"not-selected","before",447
11,47,519,47,1,0,1,"not-selected","before",519
11,48,538,43,1,0,1,"not-selected","before",538
11,49,443,48,1,0,0,"not-selected","before",443
11,50,446,48,1,0,0,"not-selected","before",446
11,51,530,43,1,0,1,"not-selected","before",530
11,52,448,48,1,0,0,"not-selected","before",448
11,53,487,41,1,0,0,"not-selected","before",487
11,54,470,43,1,0,0,"not-selected","before",470
11,55,520,47,1,0,1,"not-selected","before",520
11,56,511,47,1,0,1,"not-selected","before",511
11,57,492,41,1,0,0,"not-selected","before",492
11,58,441,48,1,0,0,"not-selected","before",441
11,59,513,47,1,0,1,"not-selected","before",513
11,60,514,47,1,0,1,"not-selected","before",514
11,61,480,41,1,0,0,"not-selected","before",480
11,62,522,47,1,0,1,"not-selected","before",522
11,63,445,48,1,0,0,"not-selected","before",445
11,64,480,41,1,0,0,"not-selected","before",480
11,65,479,41,1,0,0,"not-selected","before",479
11,66,477,41,1,0,0,"not-selected","before",477
11,67,447,48,1,0,0,"not-selected","before",447
11,68,510,48,1,0,1,"not-selected","before",510
11,69,510,47,1,0,1,"not-selected","before",510
11,70,439,48,1,0,0,"not-selected","before",439
11,71,481,41,1,0,0,"not-selected","before",481
11,72,486,41,1,0,0,"not-selected","before",486
11,73,481,41,1,0,0,"not-selected","before",481
11,74,484,41,1,0,0,"not-selected","before",484
11,75,534,43,1,0,1,"not-selected","before",534
11,76,511,47,1,0,1,"not-selected","before",511
11,77,482,41,1,0,0,"not-selected","before",482
11,78,475,41,1,0,0,"not-selected","before",475
11,79,475,41,1,0,0,"not-selected","before",475
11,80,514,47,1,0,1,"not-selected","before",514
11,81,486,41,1,0,0,"not-selected","before",486
11,82,483,41,1,0,0,"not-selected","before",483
11,83,511,48,1,0,1,"not-selected","before",511
11,84,510,47,1,0,1,"not-selected","before",510
11,85,533,43,1,0,1,"not-selected","after",533
11,86,511,47,1,0,1,"not-selected","after",511
11,87,444,48,1,0,0,"not-selected","after",444
11,88,415,53,1,0,0,"not-selected","after",415
11,89,421,53,1,0,0,"not-selected","after",421
11,90,518,47,1,0,1,"not-selected","after",518
11,91,511,47,1,0,1,"not-selected","after",511
11,92,511,47,1,0,1,"not-selected","after",511
11,93,421,53,1,0,0,"not-selected","after",421
11,94,507,48,1,0,1,"not-selected","after",507
11,95,418,53,1,0,0,"not-selected","after",418
11,96,516,47,1,0,1,"not-selected","after",516
11,97,485,53,1,0,1,"not-selected","after",485
11,98,445,48,1,0,0,"not-selected","after",445
11,99,439,48,1,0,0,"not-selected","after",439
11,100,487,53,1,0,1,"not-selected","after",487
11,101,481,41,1,0,0,"not-selected","after",481
11,102,513,47,1,0,1,"not-selected","after",513
11,103,445,48,1,0,0,"not-selected","after",445
11,104,513,47,1,0,1,"not-selected","after",513
11,105,509,47,1,0,1,"not-selected","after",509
11,106,429,53,1,0,0,"not-selected","after",429
11,107,510,47,1,0,1,"not-selected","after",510
11,108,422,53,1,0,0,"not-selected","after",422
11,109,449,48,1,0,0,"not-selected","after",449
11,110,449,48,1,0,0,"not-selected","after",449
11,111,429,53,1,0,0,"not-selected","after",429
11,112,514,47,1,0,1,"not-selected","after",514
11,113,507,48,1,0,1,"not-selected","after",507
11,114,424,53,1,0,0,"not-selected","after",424
11,115,512,48,1,0,1,"not-selected","after",512
11,116,517,47,1,0,1,"not-selected","after",517
11,117,509,47,1,0,1,"not-selected","after",509
11,118,516,47,1,0,1,"not-selected","after",516
12,37,345,53,1,0,0,"selected","before",345
12,38,381,53,1,0,0,"selected","before",381
12,39,389,53,1,0,1,"selected","before",389
12,40,324,53,1,0,0,"selected","before",324
12,41,243,53,1,0,0,"selected","before",243
12,42,229,53,1,0,0,"selected","before",229
12,43,217,53,1,0,0,"selected","before",217
12,44,198,53,1,0,0,"selected","before",198
12,45,180,53,1,0,0,"selected","before",180
12,46,349,54,1,0,0,"selected","before",349
12,47,261,53,1,0,0,"selected","before",261
12,48,324,53,1,0,0,"selected","before",324
12,49,273,54,1,0,1,"selected","before",273
12,50,399,53,1,0,0,"selected","before",399
12,51,228,54,1,0,0,"selected","before",228
12,52,409,53,1,0,1,"selected","before",409
12,53,265,53,1,0,0,"selected","before",265
12,54,253,60,1,0,0,"selected","before",253
12,55,750,53,1,0,1,"selected","before",750
12,56,290,53,1,0,0,"selected","before",290
12,57,232,53,1,0,0,"selected","before",232
12,58,722,53,1,0,1,"selected","before",722
12,59,307,50,1,0,0,"selected","before",307
12,60,750,53,1,0,0,"selected","before",750
12,61,294,53,1,0,0,"selected","before",294
12,62,469,53,1,0,1,"selected","before",469
12,63,305,58,1,0,0,"selected","before",305
12,64,249,53,1,0,0,"selected","before",249
12,65,452,53,1,0,1,"selected","before",452
12,66,246,53,1,0,0,"selected","before",246
12,67,249,53,1,0,0,"selected","before",249
12,68,278,58,1,0,0,"selected","before",278
12,69,530,53,1,0,1,"selected","before",530
12,70,297,53,1,0,0,"selected","before",297
12,71,297,53,1,0,0,"selected","before",297
12,72,418,58,1,0,0,"selected","before",418
12,73,640,53,1,0,1,"selected","before",640
12,74,283,54,1,0,0,"selected","before",283
12,75,236,53,1,0,0,"selected","before",236
12,76,241,53,1,0,0,"selected","before",241
12,77,231,53,1,0,0,"selected","before",231
12,78,312,53,1,0,0,"selected","before",312
12,79,442,53,1,0,1,"selected","before",442
12,80,249,54,1,0,0,"selected","before",249
12,81,278,53,1,0,0,"selected","before",278
12,82,646,53,1,0,0,"selected","before",646
12,83,312,53,1,0,0,"selected","before",312
12,84,279,54,1,0,0,"selected","before",279
12,85,228,54,1,0,0,"selected","after",267.819155501146
12,86,428,53,1,0,1,"selected","after",502.748239274081
12,87,306,54,1,0,0,"selected","after",359.441498172591
12,88,284,53,1,0,0,"selected","after",333.599298957568
12,89,601,53,1,0,0,"selected","after",705.96189673767
12,90,217,50,1,0,0,"selected","after",254.898055893634
12,91,323,50,1,0,0,"selected","after",379.41047029329
12,92,296,53,1,0,0,"selected","after",347.695043983944
12,93,287,50,1,0,0,"selected","after",337.123235214162
12,94,217,50,1,0,0,"selected","after",254.898055893634
12,95,187,54,1,0,0,"selected","after",219.658693327694
12,96,316,53,1,0,1,"selected","after",371.187952361237
12,97,252,53,1,0,1,"selected","after",296.010645553898
12,98,315,54,1,0,0,"selected","after",370.013306942373
12,99,394,54,1,0,0,"selected","after",462.810295032682
12,100,216,53,1,0,0,"selected","after",253.72341047477
12,101,287,53,1,0,0,"selected","after",337.123235214162
12,102,349,58,1,0,0,"selected","after",409.951251183772
12,103,251,53,1,0,0,"selected","after",294.836000135033
12,104,296,53,1,0,0,"selected","after",347.695043983944
12,105,553,53,1,0,1,"selected","after",649.578916632165
12,106,466,53,1,0,0,"selected","after",547.384765190939
12,107,235,54,1,0,0,"selected","after",276.041673433199
12,108,469,53,1,0,1,"selected","after",550.908701447533
12,109,306,53,1,0,0,"selected","after",359.441498172591
12,110,475,53,1,0,1,"selected","after",557.956573960721
12,111,285,50,1,0,0,"selected","after",334.773944376432
12,112,286,53,1,0,0,"selected","after",335.948589795297
12,113,359,54,1,0,0,"selected","after",421.697705372418
12,114,298,53,1,0,0,"selected","after",350.044334821673
12,115,306,50,1,0,1,"selected","after",359.441498172591
12,116,287,54,1,0,0,"selected","after",337.123235214162
12,117,278,53,1,0,0,"selected","after",326.55142644438
12,118,375,54,1,0,0,"selected","after",440.492032074253
13,37,608,53,1,0,1,"not-selected","before",608
13,38,381,53,1,0,0,"not-selected","before",381
13,39,355,53,1,0,0,"not-selected","before",355
13,40,246,53,1,0,0,"not-selected","before",246
13,41,258,53,1,0,0,"not-selected","before",258
13,42,236,54,1,0,0,"not-selected","before",236
13,43,311,53,1,0,0,"not-selected","before",311
13,44,294,53,1,0,0,"not-selected","before",294
13,45,266,53,1,0,0,"not-selected","before",266
13,46,455,53,1,0,0,"not-selected","before",455
13,47,333,53,1,0,0,"not-selected","before",333
13,48,317,50,1,0,0,"not-selected","before",317
13,49,234,50,1,0,0,"not-selected","before",234
13,50,350,53,1,0,0,"not-selected","before",350
13,51,290,60,1,0,0,"not-selected","before",290
13,52,413,53,1,0,1,"not-selected","before",413
13,53,307,54,1,0,0,"not-selected","before",307
13,54,257,53,1,0,0,"not-selected","before",257
13,55,649,54,1,0,0,"not-selected","before",649
13,56,355,53,1,0,0,"not-selected","before",355
13,57,575,52,1,0,1,"not-selected","before",575
13,58,527,54,1,0,0,"not-selected","before",527
13,59,312,53,1,0,0,"not-selected","before",312
13,60,649,53,1,0,0,"not-selected","before",649
13,61,321,60,1,0,0,"not-selected","before",321
13,62,559,53,1,0,1,"not-selected","before",559
13,63,361,50,1,0,0,"not-selected","before",361
13,64,321,54,1,0,0,"not-selected","before",321
13,65,381,53,1,0,1,"not-selected","before",381
13,66,295,50,1,0,0,"not-selected","before",295
13,67,238,54,1,0,1,"not-selected","before",238
13,68,505,54,1,0,1,"not-selected","before",505
13,69,517,58,1,0,0,"not-selected","before",517
13,70,348,54,1,0,0,"not-selected","before",348
13,71,305,53,1,0,0,"not-selected","before",305
13,72,401,58,1,0,0,"not-selected","before",401
13,73,617,54,1,0,0,"not-selected","before",617
13,74,285,53,1,0,0,"not-selected","before",285
13,75,328,54,1,0,0,"not-selected","before",328
13,76,291,53,1,0,0,"not-selected","before",291
13,77,328,53,1,0,1,"not-selected","before",328
13,78,330,53,1,0,0,"not-selected","before",330
13,79,428,53,1,0,1,"not-selected","before",428
13,80,219,53,1,0,0,"not-selected","before",219
13,81,290,50,1,0,0,"not-selected","before",290
13,82,563,53,1,0,0,"not-selected","before",563
13,83,280,53,1,0,0,"not-selected","before",280
13,84,279,53,1,0,0,"not-selected","before",279
13,85,316,53,1,0,0,"not-selected","after",316
13,86,347,58,1,0,0,"not-selected","after",347
13,87,158,53,1,0,0,"not-selected","after",158
13,88,328,50,1,0,0,"not-selected","after",328
13,89,597,53,1,0,0,"not-selected","after",597
13,90,329,53,1,0,0,"not-selected","after",329
13,91,284,50,1,0,0,"not-selected","after",284
13,92,317,50,1,0,0,"not-selected","after",317
13,93,270,54,1,0,0,"not-selected","after",270
13,94,260,53,1,0,1,"not-selected","after",260
13,95,253,53,1,0,1,"not-selected","after",253
13,96,263,58,1,0,0,"not-selected","after",263
13,97,200,53,1,0,1,"not-selected","after",200
13,98,391,53,1,0,1,"not-selected","after",391
13,99,489,50,1,0,1,"not-selected","after",489
13,100,265,50,1,0,0,"not-selected","after",265
13,101,290,53,1,0,0,"not-selected","after",290
13,102,353,53,1,0,1,"not-selected","after",353
13,103,273,50,1,0,0,"not-selected","after",273
13,104,302,53,1,0,0,"not-selected","after",302
13,105,525,53,1,0,1,"not-selected","after",525
13,106,423,50,1,0,0,"not-selected","after",423
13,107,324,54,1,0,0,"not-selected","after",324
13,108,318,53,1,0,1,"not-selected","after",318
13,109,189,53,1,0,0,"not-selected","after",189
13,110,399,53,1,0,0,"not-selected","after",399
13,111,194,54,1,0,0,"not-selected","after",194
13,112,240,53,1,0,0,"not-selected","after",240
13,113,360,50,1,0,0,"not-selected","after",360
13,114,261,54,1,0,0,"not-selected","after",261
13,115,217,54,1,0,0,"not-selected","after",217
13,116,284,50,1,0,1,"not-selected","after",284
13,117,190,53,1,0,0,"not-selected","after",190
13,118,338,53,1,0,1,"not-selected","after",338
14,37,142,71,1,0,0,"selected","before",142
14,38,142,71,1,0,0,"selected","before",142
14,39,142,71,1,0,0,"selected","before",142
14,40,143,71,1,0,0,"selected","before",143
14,41,147,71,1,0,0,"selected","before",147
14,42,144,73,1,0,0,"selected","before",144
14,43,140,71,1,0,0,"selected","before",140
14,44,143,71,1,0,0,"selected","before",143
14,45,135,78,1,0,0,"selected","before",135
14,46,144,78,1,0,0,"selected","before",144
14,47,164,71,1,0,1,"selected","before",164
14,48,185,54,1,0,0,"selected","before",185
14,49,149,78,1,0,0,"selected","before",149
14,50,152,71,1,0,1,"selected","before",152
14,51,149,73,1,0,0,"selected","before",149
14,52,149,73,1,0,0,"selected","before",149
14,53,146,73,1,0,0,"selected","before",146
14,54,140,71,1,0,0,"selected","before",140
14,55,138,71,1,0,0,"selected","before",138
14,56,140,71,1,0,1,"selected","before",140
14,57,140,73,1,0,0,"selected","before",140
14,58,151,78,1,0,0,"selected","before",151
14,59,150,59,1,0,0,"selected","before",150
14,60,166,73,1,0,0,"selected","before",166
14,61,158,78,1,0,0,"selected","before",158
14,62,148,59,1,0,1,"selected","before",148
14,63,152,78,1,0,0,"selected","before",152
14,64,143,72,1,0,0,"selected","before",143
14,65,136,72,1,0,0,"selected","before",136
14,66,136,78,1,0,0,"selected","before",136
14,67,143,71,1,0,0,"selected","before",143
14,68,144,71,1,0,0,"selected","before",144
14,69,144,72,1,0,0,"selected","before",144
14,70,144,71,1,0,0,"selected","before",144
14,71,147,71,1,0,0,"selected","before",147
14,72,142,71,1,0,0,"selected","before",142
14,73,136,78,1,0,0,"selected","before",136
14,74,159,71,1,0,0,"selected","before",159
14,75,156,78,1,0,0,"selected","before",156
14,76,144,71,1,0,0,"selected","before",144
14,77,142,71,1,0,0,"selected","before",142
14,78,141,72,1,0,0,"selected","before",141
14,79,139,71,1,0,0,"selected","before",139
14,80,141,71,1,0,0,"selected","before",141
14,81,141,71,1,0,0,"selected","before",141
14,82,141,78,1,0,0,"selected","before",141
14,83,145,80,1,0,0,"selected","before",145
14,84,144,71,1,0,0,"selected","before",144
14,85,140,71,1,0,0,"selected","after",164.450358641054
14,86,138,80,1,0,0,"selected","after",162.101067803325
14,87,137,78,1,0,0,"selected","after",160.92642238446
14,88,142,71,1,0,0,"selected","after",166.799649478784
14,89,135,78,1,0,0,"selected","after",158.577131546731
14,90,145,71,1,0,0,"selected","after",170.323585735378
14,91,145,71,1,0,1,"selected","after",170.323585735378
14,92,148,71,1,0,1,"selected","after",173.847521991972
14,93,162,71,1,0,0,"selected","after",190.292557856077
14,94,143,71,1,0,1,"selected","after",167.974294897649
14,95,153,71,1,0,1,"selected","after",179.720749086295
14,96,137,71,1,0,1,"selected","after",160.92642238446
14,97,133,71,1,0,0,"selected","after",156.227840709002
14,98,144,71,1,0,0,"selected","after",169.148940316513
14,99,142,76,1,0,0,"selected","after",166.799649478784
14,100,139,71,1,0,0,"selected","after",163.27571322219
14,101,138,71,1,0,0,"selected","after",162.101067803325
14,102,149,71,1,0,1,"selected","after",175.022167410837
14,103,156,71,1,0,1,"selected","after",183.244685342889
14,104,157,71,1,0,1,"selected","after",184.419330761754
14,105,166,72,1,0,0,"selected","after",194.991139531536
14,106,140,71,1,0,1,"selected","after",164.450358641054
14,107,139,71,1,0,1,"selected","after",163.27571322219
14,108,135,76,1,0,0,"selected","after",158.577131546731
14,109,142,76,1,0,0,"selected","after",166.799649478784
14,110,135,71,1,0,0,"selected","after",158.577131546731
14,111,142,76,1,0,0,"selected","after",166.799649478784
14,112,138,80,1,0,0,"selected","after",162.101067803325
14,113,141,78,1,0,0,"selected","after",165.625004059919
14,114,140,78,1,0,0,"selected","after",164.450358641054
14,115,135,78,1,0,0,"selected","after",158.577131546731
14,116,133,78,1,0,0,"selected","after",156.227840709002
14,117,137,78,1,0,0,"selected","after",160.92642238446
14,118,136,78,1,0,0,"selected","after",159.751776965596
15,37,362,71,1,0,1,"not-selected","before",362
15,38,301,71,1,0,0,"not-selected","before",301
15,39,292,71,1,0,0,"not-selected","before",292
15,40,274,71,1,0,0,"not-selected","before",274
15,41,248,71,1,0,0,"not-selected","before",248
15,42,206,71,1,0,0,"not-selected","before",206
15,43,279,71,1,0,0,"not-selected","before",279
15,44,294,71,1,0,0,"not-selected","before",294
15,45,188,71,1,0,0,"not-selected","before",188
15,46,261,71,1,0,0,"not-selected","before",261
15,47,364,78,1,0,0,"not-selected","before",364
15,48,334,71,1,0,0,"not-selected","before",334
15,49,342,72,1,0,0,"not-selected","before",342
15,50,408,71,1,0,1,"not-selected","before",408
15,51,598,78,1,0,0,"not-selected","before",598
15,52,474,71,1,0,0,"not-selected","before",474
15,53,369,71,1,0,0,"not-selected","before",369
15,54,316,80,1,0,0,"not-selected","before",316
15,55,413,78,1,0,0,"not-selected","before",413
15,56,345,78,1,0,0,"not-selected","before",345
15,57,292,71,1,0,0,"not-selected","before",292
15,58,303,72,1,0,0,"not-selected","before",303
15,59,305,78,1,0,0,"not-selected","before",305
15,60,298,78,1,0,0,"not-selected","before",298
15,61,263,71,1,0,1,"not-selected","before",263
15,62,380,73,1,0,0,"not-selected","before",380
15,63,479,73,1,0,0,"not-selected","before",479
15,64,303,71,1,0,1,"not-selected","before",303
15,65,364,71,1,0,0,"not-selected","before",364
15,66,230,71,1,0,1,"not-selected","before",230
15,67,296,71,1,0,0,"not-selected","before",296
15,68,268,78,1,0,0,"not-selected","before",268
15,69,331,71,1,0,0,"not-selected","before",331
15,70,290,71,1,0,0,"not-selected","before",290
15,71,415,78,1,0,0,"not-selected","before",415
15,72,331,71,1,0,0,"not-selected","before",331
15,73,272,71,1,0,0,"not-selected","before",272
15,74,296,71,1,0,0,"not-selected","before",296
15,75,347,72,1,0,0,"not-selected","before",347
15,76,422,71,1,0,0,"not-selected","before",422
15,77,263,68,1,0,0,"not-selected","before",263
15,78,356,78,1,0,0,"not-selected","before",356
15,79,257,71,1,0,0,"not-selected","before",257
15,80,290,80,1,0,0,"not-selected","before",290
15,81,252,80,1,0,0,"not-selected","before",252
15,82,307,71,1,0,1,"not-selected","before",307
15,83,452,71,1,0,1,"not-selected","before",452
15,84,285,71,1,0,1,"not-selected","before",285
15,85,351,71,1,0,1,"not-selected","after",351
15,86,281,72,1,0,0,"not-selected","after",281
15,87,318,80,1,0,0,"not-selected","after",318
15,88,329,80,1,0,0,"not-selected","after",329
15,89,316,71,1,0,0,"not-selected","after",316
15,90,237,71,1,0,0,"not-selected","after",237
15,91,342,80,1,0,0,"not-selected","after",342
15,92,411,76,1,0,1,"not-selected","after",411
15,93,287,71,1,0,0,"not-selected","after",287
15,94,294,71,1,0,0,"not-selected","after",294
15,95,270,71,1,0,0,"not-selected","after",270
15,96,217,71,1,0,0,"not-selected","after",217
15,97,219,71,1,0,0,"not-selected","after",219
15,98,257,71,1,0,0,"not-selected","after",257
15,99,314,71,1,0,0,"not-selected","after",314
15,100,417,80,1,0,0,"not-selected","after",417
15,101,395,80,1,0,0,"not-selected","after",395
15,102,331,71,1,0,1,"not-selected","after",331
15,103,738,71,1,0,0,"not-selected","after",738
15,104,441,71,1,0,1,"not-selected","after",441
15,105,270,80,1,0,0,"not-selected","after",270
15,106,257,80,1,0,1,"not-selected","after",257
15,107,287,71,1,0,0,"not-selected","after",287
15,108,503,80,1,0,0,"not-selected","after",503
15,109,230,71,1,0,0,"not-selected","after",230
15,110,296,35,1,0,0,"not-selected","after",296
15,111,272,72,1,0,0,"not-selected","after",272
15,112,274,80,1,0,0,"not-selected","after",274
15,113,283,78,1,0,1,"not-selected","after",283
15,114,369,72,1,0,0,"not-selected","after",369
15,115,347,78,1,0,1,"not-selected","after",347
15,116,232,72,1,0,0,"not-selected","after",232
15,117,226,78,1,0,0,"not-selected","after",226
15,118,272,72,1,0,0,"not-selected","after",272
16,37,337,78,1,0,0,"selected","before",337
16,38,308,78,1,0,0,"selected","before",308
16,39,307,78,1,0,0,"selected","before",307
16,40,312,79,1,0,0,"selected","before",312
16,41,334,78,1,0,0,"selected","before",334
16,42,304,76,1,0,0,"selected","before",304
16,43,310,76,1,0,0,"selected","before",310
16,44,310,78,1,0,0,"selected","before",310
16,45,289,78,1,0,0,"selected","before",289
16,46,314,78,1,0,0,"selected","before",314
16,47,327,76,1,0,0,"selected","before",327
16,48,295,78,1,0,0,"selected","before",295
16,49,340,78,1,0,0,"selected","before",340
16,50,294,78,1,0,0,"selected","before",294
16,51,314,78,1,0,1,"selected","before",314
16,52,334,78,1,0,0,"selected","before",334
16,53,488,76,1,0,0,"selected","before",488
16,54,522,78,1,0,0,"selected","before",522
16,55,295,78,1,0,0,"selected","before",295
16,56,347,78,1,0,0,"selected","before",347
16,57,324,76,1,0,0,"selected","before",324
16,58,345,78,1,0,0,"selected","before",345
16,59,332,78,1,0,0,"selected","before",332
16,60,267,78,1,0,0,"selected","before",267
16,61,293,78,1,0,0,"selected","before",293
16,62,321,79,1,0,0,"selected","before",321
16,63,689,76,1,0,1,"selected","before",689
16,64,289,78,1,0,0,"selected","before",289
16,65,294,78,1,0,0,"selected","before",294
16,66,329,82,1,0,0,"selected","before",329
16,67,438,78,1,0,0,"selected","before",438
16,68,580,79,1,0,0,"selected","before",580
16,69,385,78,1,0,0,"selected","before",385
16,70,531,78,1,0,0,"selected","before",531
16,71,319,79,1,0,0,"selected","before",319
16,72,303,82,1,0,0,"selected","before",303
16,73,325,78,1,0,0,"selected","before",325
16,74,351,78,1,0,0,"selected","before",351
16,75,386,78,1,0,0,"selected","before",386
16,76,308,78,1,0,0,"selected","before",308
16,77,281,78,1,0,0,"selected","before",281
16,78,373,79,1,0,0,"selected","before",373
16,79,342,85,1,0,0,"selected","before",342
16,80,345,78,1,0,0,"selected","before",345
16,81,427,78,1,0,0,"selected","before",427
16,82,290,83,1,0,1,"selected","before",290
16,83,320,78,1,0,0,"selected","before",320
16,84,284,78,1,0,0,"selected","before",284
16,85,315,78,1,0,0,"selected","after",370.013306942373
16,86,307,78,1,0,0,"selected","after",360.616143591455
16,87,355,76,1,0,0,"selected","after",416.99912369696
16,88,542,78,1,0,0,"selected","after",636.657817024654
16,89,415,78,1,0,0,"selected","after",487.47784882884
16,90,323,78,1,0,0,"selected","after",379.41047029329
16,91,282,78,1,0,0,"selected","after",331.250008119838
16,92,351,78,1,0,0,"selected","after",412.300542021501
16,93,333,78,1,0,0,"selected","after",391.156924481937
16,94,325,78,1,0,0,"selected","after",381.759761131019
16,95,355,78,1,0,0,"selected","after",416.99912369696
16,96,324,76,1,0,1,"selected","after",380.585115712155
16,97,523,78,1,0,0,"selected","after",614.339554066225
16,98,303,76,1,0,0,"selected","after",355.917561915996
16,99,294,78,1,0,0,"selected","after",345.345753146214
16,100,362,78,1,0,0,"selected","after",425.221641629012
16,101,359,78,1,0,1,"selected","after",421.697705372418
16,102,319,82,1,0,0,"selected","after",374.711888617831
16,103,533,78,1,0,0,"selected","after",626.086008254872
16,104,535,76,1,0,0,"selected","after",628.435299092601
16,105,462,85,1,0,0,"selected","after",542.68618351548
16,106,299,85,1,0,0,"selected","after",351.218980240538
16,107,303,85,1,0,0,"selected","after",355.917561915996
16,108,388,78,1,0,0,"selected","after",455.762422519494
16,109,336,85,1,0,0,"selected","after",394.680860738531
16,110,375,85,1,0,0,"selected","after",440.492032074253
16,111,264,85,1,0,0,"selected","after",310.106390580274
16,112,307,83,1,0,1,"selected","after",360.616143591455
16,113,455,78,1,0,1,"selected","after",534.463665583427
16,114,303,83,1,0,1,"selected","after",355.917561915996
16,115,242,80,1,0,0,"selected","after",284.264191365251
16,116,242,80,1,0,0,"selected","after",284.264191365251
16,117,242,80,1,0,0,"selected","after",284.264191365251
16,118,243,80,1,0,0,"selected","after",285.438836784116
17,37,262,78,1,0,1,"not-selected","before",262
17,38,258,71,1,0,1,"not-selected","before",258
17,39,270,68,1,0,0,"not-selected","before",270
17,40,247,68,1,0,0,"not-selected","before",247
17,41,248,71,1,0,0,"not-selected","before",248
17,42,254,71,1,0,0,"not-selected","before",254
17,43,248,78,1,0,0,"not-selected","before",248
17,44,248,78,1,0,0,"not-selected","before",248
17,45,245,78,1,0,0,"not-selected","before",245
17,46,257,70,1,0,0,"not-selected","before",257
17,47,268,71,1,0,0,"not-selected","before",268
17,48,252,68,1,0,0,"not-selected","before",252
17,49,254,70,1,0,0,"not-selected","before",254
17,50,257,71,1,0,0,"not-selected","before",257
17,51,264,71,1,0,0,"not-selected","before",264
17,52,262,70,1,0,0,"not-selected","before",262
17,53,258,78,1,0,0,"not-selected","before",258
17,54,277,68,1,0,0,"not-selected","before",277
17,55,270,78,1,0,0,"not-selected","before",270
17,56,288,78,1,0,1,"not-selected","before",288
17,57,265,71,1,0,0,"not-selected","before",265
17,58,272,78,1,0,0,"not-selected","before",272
17,59,268,71,1,0,1,"not-selected","before",268
17,60,260,71,1,0,0,"not-selected","before",260
17,61,279,71,1,0,1,"not-selected","before",279
17,62,275,78,1,0,0,"not-selected","before",275
17,63,277,78,1,0,0,"not-selected","before",277
17,64,262,78,1,0,0,"not-selected","before",262
17,65,263,78,1,0,1,"not-selected","before",263
17,66,265,78,1,0,1,"not-selected","before",265
17,67,275,68,1,0,0,"not-selected","before",275
17,68,263,68,1,0,0,"not-selected","before",263
17,69,270,78,1,0,0,"not-selected","before",270
17,70,272,71,1,0,1,"not-selected","before",272
17,71,275,71,1,0,0,"not-selected","before",275
17,72,257,71,1,0,0,"not-selected","before",257
17,73,250,78,1,0,1,"not-selected","before",250
17,74,263,71,1,0,0,"not-selected","before",263
17,75,265,78,1,0,0,"not-selected","before",265
17,76,265,78,1,0,0,"not-selected","before",265
17,77,249,71,1,0,0,"not-selected","before",249
17,78,277,71,1,0,0,"not-selected","before",277
17,79,253,78,1,0,0,"not-selected","before",253
17,80,274,68,1,0,0,"not-selected","before",274
17,81,268,78,1,0,0,"not-selected","before",268
17,82,266,71,1,0,1,"not-selected","before",266
17,83,288,78,1,0,0,"not-selected","before",288
17,84,277,78,1,0,0,"not-selected","before",277
17,85,277,71,1,0,0,"not-selected","after",277
17,86,291,71,1,0,0,"not-selected","after",291
17,87,261,70,1,0,0,"not-selected","after",261
17,88,266,78,1,0,0,"not-selected","after",266
17,89,248,70,1,0,0,"not-selected","after",248
17,90,272,78,1,0,0,"not-selected","after",272
17,91,263,71,1,0,0,"not-selected","after",263
17,92,261,71,1,0,0,"not-selected","after",261
17,93,263,71,1,0,0,"not-selected","after",263
17,94,263,71,1,0,0,"not-selected","after",263
17,95,267,71,1,0,0,"not-selected","after",267
17,96,263,71,1,0,0,"not-selected","after",263
17,97,245,78,1,0,0,"not-selected","after",245
17,98,259,71,1,0,0,"not-selected","after",259
17,99,286,71,1,0,0,"not-selected","after",286
17,100,298,68,1,0,0,"not-selected","after",298
17,101,281,78,1,0,0,"not-selected","after",281
17,102,258,78,1,0,0,"not-selected","after",258
17,103,257,72,1,0,0,"not-selected","after",257
17,104,272,80,1,0,0,"not-selected","after",272
17,105,305,80,1,0,0,"not-selected","after",305
17,106,283,71,1,0,0,"not-selected","after",283
17,107,272,71,1,0,0,"not-selected","after",272
17,108,297,71,1,0,1,"not-selected","after",297
17,109,269,71,1,0,0,"not-selected","after",269
17,110,272,72,1,0,0,"not-selected","after",272
17,111,282,72,1,0,1,"not-selected","after",282
17,112,299,78,1,0,0,"not-selected","after",299
17,113,278,72,1,0,1,"not-selected","after",278
17,114,282,78,1,0,0,"not-selected","after",282
17,115,280,72,1,0,0,"not-selected","after",280
17,116,270,72,1,0,0,"not-selected","after",270
17,117,283,72,1,0,0,"not-selected","after",283
17,118,290,78,1,0,0,"not-selected","after",290
18,37,378,41,1,0,0,"selected","before",378
18,38,542,41,1,0,0,"selected","before",542
18,39,321,41,1,0,0,"selected","before",321
18,40,423,41,1,0,0,"selected","before",423
18,41,292,41,1,0,0,"selected","before",292
18,42,444,41,1,0,0,"selected","before",444
18,43,282,41,1,0,0,"selected","before",282
18,44,230,48,1,0,0,"selected","before",230
18,45,335,48,1,0,0,"selected","before",335
18,46,256,48,1,0,0,"selected","before",256
18,47,294,47,1,0,1,"selected","before",294
18,48,548,43,1,0,1,"selected","before",548
18,49,322,48,1,0,0,"selected","before",322
18,50,253,48,1,0,0,"selected","before",253
18,51,415,43,1,0,1,"selected","before",415
18,52,270,48,1,0,0,"selected","before",270
18,53,344,41,1,0,0,"selected","before",344
18,54,327,43,1,0,0,"selected","before",327
18,55,369,47,1,0,1,"selected","before",369
18,56,274,47,1,0,1,"selected","before",274
18,57,357,41,1,0,0,"selected","before",357
18,58,253,48,1,0,0,"selected","before",253
18,59,616,47,1,0,1,"selected","before",616
18,60,262,47,1,0,1,"selected","before",262
18,61,349,41,1,0,0,"selected","before",349
18,62,358,47,1,0,1,"selected","before",358
18,63,285,48,1,0,0,"selected","before",285
18,64,439,41,1,0,0,"selected","before",439
18,65,319,41,1,0,0,"selected","before",319
18,66,382,41,1,0,0,"selected","before",382
18,67,381,48,1,0,0,"selected","before",381
18,68,599,48,1,0,1,"selected","before",599
18,69,337,47,1,0,1,"selected","before",337
18,70,383,48,1,0,0,"selected","before",383
18,71,438,41,1,0,0,"selected","before",438
18,72,421,41,1,0,0,"selected","before",421
18,73,548,41,1,0,0,"selected","before",548
18,74,330,41,1,0,0,"selected","before",330
18,75,246,43,1,0,1,"selected","before",246
18,76,434,47,1,0,1,"selected","before",434
18,77,471,41,1,0,0,"selected","before",471
18,78,259,41,1,0,0,"selected","before",259
18,79,383,41,1,0,0,"selected","before",383
18,80,361,47,1,0,1,"selected","before",361
18,81,328,41,1,0,0,"selected","before",328
18,82,318,41,1,0,0,"selected","before",318
18,83,356,48,1,0,1,"selected","before",356
18,84,329,47,1,0,1,"selected","before",329
18,85,292,43,1,0,1,"selected","after",342.996462308485
18,86,388,47,1,0,1,"selected","after",455.762422519494
18,87,256,48,1,0,0,"selected","after",300.709227229357
18,88,227,53,1,0,0,"selected","after",266.644510082281
18,89,237,53,1,0,0,"selected","after",278.390964270928
18,90,269,47,1,0,1,"selected","after",315.979617674598
18,91,235,47,1,0,1,"selected","after",276.041673433199
18,92,248,47,1,0,1,"selected","after",291.312063878439
18,93,229,53,1,0,0,"selected","after",268.993800920011
18,94,277,48,1,0,1,"selected","after",325.376781025515
18,95,267,53,1,0,0,"selected","after",313.630326836868
18,96,243,47,1,0,1,"selected","after",285.438836784116
18,97,238,53,1,0,1,"selected","after",279.565609689793
18,98,238,48,1,0,0,"selected","after",279.565609689793
18,99,233,48,1,0,0,"selected","after",273.692382595469
18,100,289,53,1,0,1,"selected","after",339.472526051891
18,101,229,41,1,0,0,"selected","after",268.993800920011
18,102,225,47,1,0,1,"selected","after",264.295219244552
18,103,214,48,1,0,0,"selected","after",251.37411963704
18,104,269,47,1,0,1,"selected","after",315.979617674598
18,105,239,47,1,0,1,"selected","after",280.740255108657
18,106,338,53,1,0,0,"selected","after",397.03015157626
18,107,235,47,1,0,1,"selected","after",276.041673433199
18,108,252,53,1,0,0,"selected","after",296.010645553898
18,109,295,48,1,0,0,"selected","after",346.520398565079
18,110,205,48,1,0,0,"selected","after",240.802310867258
18,111,276,53,1,0,0,"selected","after",324.20213560665
18,112,472,47,1,0,1,"selected","after",554.432637704127
18,113,356,48,1,0,1,"selected","after",418.173769115824
18,114,359,53,1,0,0,"selected","after",421.697705372418
18,115,259,48,1,0,1,"selected","after",304.233163485951
18,116,237,47,1,0,1,"selected","after",278.390964270928
18,117,477,47,1,0,1,"selected","after",560.30586479845
18,118,316,47,1,0,1,"selected","after",371.187952361237
19,37,338,39,1,0,1,"selected","before",338
19,38,502,33,1,0,0,"selected","before",502
19,39,281,39,1,0,1,"selected","before",281
19,40,383,33,1,0,0,"selected","before",383
19,41,252,33,1,0,0,"selected","before",252
19,42,404,33,1,0,0,"selected","before",404
19,43,242,40,1,0,0,"selected","before",242
19,44,190,33,1,0,0,"selected","before",190
19,45,295,39,1,0,1,"selected","before",295
19,46,216,40,1,0,0,"selected","before",216
19,47,254,39,1,0,1,"selected","before",254
19,48,508,39,1,0,1,"selected","before",508
19,49,282,39,1,0,1,"selected","before",282
19,50,213,39,1,0,1,"selected","before",213
19,51,375,39,1,0,1,"selected","before",375
19,52,230,39,1,0,1,"selected","before",230
19,53,304,33,1,0,0,"selected","before",304
19,54,287,39,1,0,1,"selected","before",287
19,55,329,35,1,0,1,"selected","before",329
19,56,234,40,1,0,0,"selected","before",234
19,57,317,33,1,0,0,"selected","before",317
19,58,213,40,1,0,0,"selected","before",213
19,59,576,33,1,0,0,"selected","before",576
19,60,222,33,1,0,0,"selected","before",222
19,61,309,33,1,0,0,"selected","before",309
19,62,318,39,1,0,1,"selected","before",318
19,63,245,40,1,0,0,"selected","before",245
19,64,399,33,1,0,0,"selected","before",399
19,65,279,33,1,0,0,"selected","before",279
19,66,342,40,1,0,0,"selected","before",342
19,67,341,33,1,0,0,"selected","before",341
19,68,559,40,1,0,1,"selected","before",559
19,69,297,39,1,0,1,"selected","before",297
19,70,343,33,1,0,0,"selected","before",343
19,71,398,33,1,0,0,"selected","before",398
19,72,381,33,1,0,0,"selected","before",381
19,73,508,39,1,0,1,"selected","before",508
19,74,290,35,1,0,1,"selected","before",290
19,75,206,35,1,0,1,"selected","before",206
19,76,394,33,1,0,0,"selected","before",394
19,77,431,39,1,0,1,"selected","before",431
19,78,219,33,1,0,0,"selected","before",219
19,79,343,39,1,0,1,"selected","before",343
19,80,321,40,1,0,1,"selected","before",321
19,81,288,39,1,0,1,"selected","before",288
19,82,278,33,1,0,0,"selected","before",278
19,83,316,39,1,0,1,"selected","before",316
19,84,289,35,1,0,1,"selected","before",289
19,85,252,39,1,0,1,"selected","after",296.010645553898
19,86,348,40,1,0,0,"selected","after",408.776605764907
19,87,216,45,1,0,0,"selected","after",253.72341047477
19,88,187,40,1,0,0,"selected","after",219.658693327694
19,89,197,39,1,0,1,"selected","after",231.405147516341
19,90,229,45,1,0,1,"selected","after",268.993800920011
19,91,195,39,1,0,1,"selected","after",229.055856678612
19,92,208,45,1,0,0,"selected","after",244.326247123852
19,93,189,40,1,0,0,"selected","after",222.007984165424
19,94,237,39,1,0,1,"selected","after",278.390964270928
19,95,227,40,1,0,0,"selected","after",266.644510082281
19,96,203,39,1,0,1,"selected","after",238.453020029529
19,97,198,45,1,0,1,"selected","after",232.579792935206
19,98,198,45,1,0,1,"selected","after",232.579792935206
19,99,193,45,1,0,1,"selected","after",226.706565840882
19,100,249,45,1,0,1,"selected","after",292.486709297304
19,101,189,45,1,0,0,"selected","after",222.007984165424
19,102,185,40,1,0,1,"selected","after",217.309402489965
19,103,174,39,1,0,1,"selected","after",204.388302882453
19,104,229,39,1,0,1,"selected","after",268.993800920011
19,105,199,45,1,0,0,"selected","after",233.75443835407
19,106,298,39,1,0,1,"selected","after",350.044334821673
19,107,195,39,1,0,1,"selected","after",229.055856678612
19,108,212,39,1,0,1,"selected","after",249.024828799311
19,109,255,33,1,0,0,"selected","after",299.534581810492
19,110,165,39,1,0,1,"selected","after",193.816494112671
19,111,236,45,1,0,0,"selected","after",277.216318852063
19,112,432,40,1,0,1,"selected","after",507.44682094954
19,113,316,45,1,0,1,"selected","after",371.187952361237
19,114,319,40,1,0,0,"selected","after",374.711888617831
19,115,219,40,1,0,1,"selected","after",257.247346731364
19,116,197,45,1,0,0,"selected","after",231.405147516341
19,117,437,40,1,0,1,"selected","after",513.320048043863
19,118,276,39,1,0,1,"selected","after",324.20213560665
